row_type,id,priority_or_strength,market,evidence_type,title_or_requirement,finding_or_why,implication_or_validation,source_1,source_2
EVIDENCE,software-adas,high,ANZ,mixed,"Daily software and driver-assistance settings","Professional review flags usability and intrusive assistance; owner discussions repeatedly mention profile persistence, shortcuts and alert logic. Later OTA reports suggest some improvement.","Prioritise local defaults, persistent preferences, shortcut access and multi-driver switching.",https://www.carexpert.com.au/car-reviews/2026-geely-ex5-review-1,https://www.reddit.com/r/AustralianEV/comments/1t748q0/geely_ex5_owners_hows_your_experience_been/
EVIDENCE,ride-calibration,high,ANZ,mixed,"Body control on undulating roads","CarExpert records an overly soft tune and bouncy primary ride; owner sentiment is mixed.","Validate chassis and steering on representative ANZ roads before recommending a regional calibration change.",https://www.carexpert.com.au/car-reviews/2026-geely-ex5-review-1,https://www.reddit.com/r/AustralianEV/comments/1vv3tth/geely_ex5_owners_how_are_you_finding_it_so_far/
EVIDENCE,range-charge,high,ANZ,benchmark,"Range and fast-charging competitive window","Entry EX5 variants remain price-competitive, but ATTO 3 EVO Premium reaches 510 km WLTP / 220 kW DC and Kia EV3 LR reaches about 604-605 km.","Protect the entry price anchor while evaluating long-range availability and the next DC-charging step.",https://www.carexpert.com.au/car-news/2026-byd-atto-3-evo-price-and-specs,https://kia.co.nz/vehicles/ev3/range-and-specifications/
EVIDENCE,shared-use,medium,ANZ,community,"Shared-family account and utility needs","Owner discussions surface multi-driver profiles, app access, trip-energy visibility and small cabin-utility details.","Treat these as hypotheses for structured owner clinics, not representative market findings.",https://www.reddit.com/r/AustralianEV/comments/1t748q0/geely_ex5_owners_hows_your_experience_been/,https://www.reddit.com/r/AustralianEV/comments/1vv3tth/geely_ex5_owners_how_are_you_finding_it_so_far/
REQUIREMENT,anz-software,Must,ANZ,product-definition,"Persistent drive preferences + one-step ADAS shortcuts + multi-driver profiles","Frequent-use issue supported by professional and owner evidence; much of the opportunity sits in OTA and interaction design.","Task-test 12-15 ANZ owners: restart persistence, taps to common safety settings, two-driver switching.",https://www.carexpert.com.au/car-reviews/2026-geely-ex5-review-1,https://www.reddit.com/r/AustralianEV/comments/1t748q0/geely_ex5_owners_hows_your_experience_been/
REQUIREMENT,anz-chassis,Must,ANZ,product-definition,"ANZ real-road chassis and steering validation","Professional review identifies body-control concerns while owner sentiment is mixed.","A/B representative Auckland/Wellington and Sydney/Melbourne routes; record secondary oscillation, steering feel and comfort.",https://www.carexpert.com.au/car-reviews/2026-geely-ex5-review-1,https://www.reddit.com/r/AustralianEV/comments/1vv3tth/geely_ex5_owners_how_are_you_finding_it_so_far/
REQUIREMENT,nz-complete-er,Should,NZ,product-definition,"Validate a Complete Extended Range step-up","NZ entry Complete is a strong NZ$49,990 anchor; Australia already offers a 68.39 kWh Complete ER, creating a plausible mid-step concept without inventing hardware.","Test entry / Complete ER / Inspire price-feature trade-offs and added SKU complexity.",https://assets.nordeast.nz/media/belhci3s/geely-ex5-specification-sheet-april-2026.pdf,https://www.carexpert.com.au/car-news/2026-geely-ex5-price-and-specs-mid-size-electric-suv-gets-bigger-battery
REQUIREMENT,au-inspire-roadtrip,Should,AU,product-definition,"Strengthen Inspire road-trip differentiation","At nearby pricing, ATTO 3 EVO Premium has 510 km WLTP / 220 kW DC / 230 kW RWD; Kia EV3 LR extends the range benchmark further.","Concept-test willingness to pay for faster DC, extra range, RWD and luxury equipment among frequent road-trip users.",https://www.carexpert.com.au/car-news/2026-byd-atto-3-evo-price-and-specs,https://www.carexpert.com.au/car-reviews/2026-kia-ev3-review
REQUIREMENT,anz-family-utility,Explore,ANZ,product-definition,"Shared-family ownership and small-utility refinement pack","Community signals may matter in everyday use but carry high sample bias.","Run two-driver household interviews plus a 7-day diary study before choosing OTA, accessory or model-year hardware response.",https://www.reddit.com/r/AustralianEV/comments/1t748q0/geely_ex5_owners_hows_your_experience_been/,https://www.reddit.com/r/AustralianEV/comments/1vv3tth/geely_ex5_owners_how_are_you_finding_it_so_far/
